{
  "env_name": "OpenTheChests-v2",
  "accuracy": 0.98635477582846,
  "f1": 0.9036543336342802
}