{
  "env_name": "OpenTheChests-v1",
  "accuracy": 0.9884169884169884,
  "f1": 0.9624765478424016
}