{
  "env_name": "OpenTheChests-v2",
  "model_type": "mlp",
  "accuracy": 0.969785575048733,
  "macro_f1": 0.7668092853454174,
  "train_samples": 4100,
  "test_seeds": [
    2,
    4,
    18,
    21,
    24,
    25,
    27,
    33,
    42,
    50,
    51,
    52,
    56,
    59,
    61,
    71,
    81,
    92,
    97,
    99
  ]
}